{
    "train_loss": [
        1.4364903245653424,
        1.3243152257374355,
        1.2272304221561976,
        1.1417032769748143,
        1.0732899597712926,
        1.0498687216213771,
        0.9855901486533029,
        0.9821227077075413,
        0.9327657764298575,
        0.9308005990300859,
        0.8967346252713885,
        0.8506099763938358,
        0.8231848200729915,
        0.7703022500446864,
        0.7495080210481371,
        0.7304608186653682,
        0.7213700221266065,
        0.6693899129118238,
        0.6649645478384836,
        0.6480769431591034,
        0.621713752235685,
        0.6165577352898461,
        0.5972181734016964,
        0.6020943472215108,
        0.5497808233329228,
        0.569223090665681,
        0.5302849273170743,
        0.5376954598086221,
        0.5262382747445787,
        0.511661217382976
    ],
    "train_acc": [
        37.69642857142857,
        44.517857142857146,
        50.214285714285715,
        55.642857142857146,
        57.55357142857143,
        59.214285714285715,
        62.05357142857143,
        62.410714285714285,
        64.92857142857143,
        65.57142857142857,
        66.82142857142857,
        68.53571428571429,
        70.66071428571429,
        72.69642857142857,
        73.0,
        75.05357142857143,
        74.60714285714286,
        76.57142857142857,
        76.58928571428571,
        77.58928571428571,
        78.44642857142857,
        78.73214285714286,
        79.125,
        78.80357142857143,
        80.55357142857143,
        79.78571428571429,
        81.55357142857143,
        81.69642857142857,
        81.53571428571429,
        81.83928571428571
    ],
    "val_loss": [
        1.309583612463691,
        1.1544848003170707,
        1.0058823945847424,
        1.1407559283755042,
        1.0418672385540875,
        0.9855937998403203,
        1.008889077739282,
        0.8163702176375822,
        0.8210118142041293,
        2.207872900095853,
        1.0661483041264794,
        0.740890463644808,
        1.086838425560431,
        0.7991694442250512,
        0.6835956979881633,
        0.707593118941242,
        0.6675925227728757,
        0.660121001303196,
        0.7708296931602738,
        0.5851335715163838,
        0.6161364777521654,
        0.571104568513957,
        1.0007427578622645,
        0.5666344104842707,
        0.5006303834644231,
        0.5620677450841124,
        0.6821642220020294,
        0.5300205790183761,
        0.6163432083346627,
        0.5625163099982522
    ],
    "val_acc": [
        44.285714285714285,
        54.0,
        61.42857142857143,
        55.785714285714285,
        59.285714285714285,
        61.0,
        59.92857142857143,
        71.0,
        68.5,
        45.642857142857146,
        61.42857142857143,
        74.0,
        64.21428571428571,
        71.21428571428571,
        74.35714285714286,
        73.5,
        76.35714285714286,
        75.57142857142857,
        71.07142857142857,
        79.28571428571429,
        78.42857142857143,
        79.78571428571429,
        62.5,
        79.57142857142857,
        83.14285714285714,
        80.57142857142857,
        78.35714285714286,
        81.0,
        79.28571428571429,
        81.0
    ]
}